PC1_loading,PC2_loading
-0.022633866958598196,0.9818407808533849
0.0050329540655689176,-0.048710680753761657
0.0023308119825927454,0.1772981086997028
0.00013747999653857017,0.0010963235631825914
0.9992279227235719,0.02334298299448269
0.03163000835564165,-0.040143677361033095
-8.785894457613859e-05,0.003239155856085813
3.0453594979335895e-05,-0.0007243397719613067
1.4639447279150207e-05,-0.000967714363516298
1.980512900399821e-05,-0.0012814887051326366
1.7646733767385506e-05,-0.001085629270394289
1.4534049492036193e-05,-0.0008532528206241279
9.695171443303667e-06,-0.00047170586134712166
1.1752667229523984e-05,-0.0002703747462045393
7.171187341996845e-06,-9.482865806873117e-05
9.146858220029712e-07,5.68414400233352e-05
-2.3416269762429034e-06,0.00021653162232522266
-4.7673470462723896e-06,0.0003685881424737615
-8.3770915716894e-06,0.0005259577182285502
-9.922640503217544e-06,0.000643051710842594
-1.6698685633611953e-05,0.0008807044416156985
-2.3559946345432078e-05,0.0010641166026748442
-6.094532828226698e-05,0.001993542519065044
1.6564629314326422e-05,1.9356756670774665e-05
3.350798977411363e-05,2.1525002403043132e-05
1.6494123034525793e-05,2.0827015830983506e-05
-2.7862134077707014e-06,-2.1228474712503794e-05
-6.839807919609644e-05,0.0008363703936808839
-5.9709281326157045e-05,-0.00017940305395530698
4.514778381849899e-06,-0.00010623034001750981
2.2840743600899878e-05,2.752144202000936e-05
-3.011760778059769e-06,-0.0006393353324575466
3.9983070602368346e-05,2.0596590537173023e-05
0.0,0.0
0.0,0.0
0.0,0.0
0.0,0.0
0.0,0.0
0.0,0.0
0.0,0.0
0.0,0.0
0.0,0.0
0.0,0.0
0.0,0.0
0.0,0.0
0.0,0.0
0.0,0.0
0.0,0.0
0.0,0.0
0.0,0.0
0.0,0.0
0.0,0.0
0.0,0.0
0.0,0.0
0.0,0.0
0.0,0.0
0.0,0.0
0.0,0.0
0.0,0.0
0.0,0.0
0.0,0.0
0.0,0.0
0.0,0.0
0.0,0.0
0.0,0.0
0.0,0.0
0.0,0.0
0.0,0.0
0.0,0.0
0.0,0.0
0.0,0.0
0.0,0.0
0.0,0.0
0.0,0.0
0.0,0.0
0.0,0.0
0.0,0.0
0.0,0.0
0.0,0.0
0.0,0.0
0.0,0.0
0.0,0.0
